activity_code,activity_name,osfl_signal_tier,default_scope,notes
941100,ACTIVIDADES DE ASOCIACIONES EMPRESARIALES Y DE EMPLEADORES,MEDIUM,BROAD_OSFL,Requiere confirmación de naturaleza jurídica y finalidad
941200,ACTIVIDADES DE ASOCIACIONES PROFESIONALES,MEDIUM,BROAD_OSFL,Requiere confirmación jurídica
942000,ACTIVIDADES DE SINDICATOS,STRONG,BROAD_OSFL,Forma asociativa; no implica por sí sola alcance FATF R8
949100,ACTIVIDADES DE ORGANIZACIONES RELIGIOSAS,STRONG,FATF_R8_CANDIDATE,Validar forma jurídica y operación
949901,ACTIVIDADES DE CENTROS DE MADRES,STRONG,BROAD_OSFL,Validar vigencia y finalidad
949902,ACTIVIDADES DE CLUBES SOCIALES,STRONG,BROAD_OSFL,No implica automáticamente FATF R8
949903,FUNDACIONES Y CORPORACIONES; ASOCIACIONES QUE PROMUEVEN ACTIVIDADES CULTURALES O RECREATIVAS,VERY_STRONG,FATF_R8_CANDIDATE,Principal código SII de cribado directo para fundaciones y corporaciones
949904,CONSEJO DE ADMINISTRACION DE EDIFICIOS Y CONDOMINIOS,EXCLUDE,OUT_OF_SCOPE,No incorporar por código de actividad solamente
949909,ACTIVIDADES DE OTRAS ASOCIACIONES N.C.P.,STRONG,BROAD_OSFL,Requiere corroboración registral o jurídica
