source_id,external_id,external_name,external_name_norm,registry_status,source_url,match_method,evidence_strength,rut,entity_id,error
donatarias_21440,1323,FUNDACIÓN TRAMA RELACIONAL,FUNDACION TRAMA RELACIONAL,Inscrita,https://donacionesley21440.gob.cl/registro-publico?n=1323,RUT_DIRECT,STRONG_LEGAL_REGISTRY,65278728-2,ENT-RUT-65278728-2,
donatarias_21440,1322,FUNDACION TE CUIDO,FUNDACION TE CUIDO,Inscrita,https://donacionesley21440.gob.cl/registro-publico?n=1322,RUT_DIRECT,STRONG_LEGAL_REGISTRY,65209138-5,ENT-RUT-65209138-5,
donatarias_21440,1321,FUNDACIÓN SOMOS PARTE,FUNDACION SOMOS PARTE,Inscrita,https://donacionesley21440.gob.cl/registro-publico?n=1321,RUT_DIRECT,STRONG_LEGAL_REGISTRY,65175138-1,ENT-RUT-65175138-1,
donatarias_21440,1320,FUNDACIÓN SABORES DEL FUTURO,FUNDACION SABORES DEL FUTURO,Inscrita,https://donacionesley21440.gob.cl/registro-publico?n=1320,RUT_DIRECT,STRONG_LEGAL_REGISTRY,65256675-8,ENT-RUT-65256675-8,
donatarias_21440,1317,FUNDACION MAS QUE UN NOMBRE,FUNDACION MAS QUE UN NOMBRE,Inscrita,https://donacionesley21440.gob.cl/registro-publico?n=1317,RUT_DIRECT,STRONG_LEGAL_REGISTRY,65261701-8,ENT-RUT-65261701-8,
donatarias_21440,1316,FUNDACION LOICA POR LA EDUCACION CONSERVACION ARTE Y TERRITORIO,FUNDACION LOICA POR LA EDUCACION CONSERVACION ARTE Y TERRITORIO,Inscrita,https://donacionesley21440.gob.cl/registro-publico?n=1316,RUT_DIRECT,STRONG_LEGAL_REGISTRY,65253887-8,ENT-RUT-65253887-8,
donatarias_21440,1314,FUNDACION ESCUELA PARA NIÑAS DE MONTAÑA REBELDE,FUNDACION ESCUELA PARA NINAS DE MONTANA REBELDE,Inscrita,https://donacionesley21440.gob.cl/registro-publico?n=1314,RUT_DIRECT,STRONG_LEGAL_REGISTRY,65271991-0,ENT-RUT-65271991-0,
donatarias_21440,1310,FUNDACIÓN CORAZONES QUE ACOMPAÑAN,FUNDACION CORAZONES QUE ACOMPANAN,Inscrita,https://donacionesley21440.gob.cl/registro-publico?n=1310,RUT_DIRECT,STRONG_LEGAL_REGISTRY,65259087-K,ENT-RUT-65259087-K,
donatarias_21440,1308,FUNDACIÓN CAMINEMOS JUNTOS POR UNA EDUCACIÓN,FUNDACION CAMINEMOS JUNTOS POR UNA EDUCACION,Inscrita,https://donacionesley21440.gob.cl/registro-publico?n=1308,RUT_DIRECT,STRONG_LEGAL_REGISTRY,65239434-5,ENT-RUT-65239434-5,
donatarias_21440,1305,FUNDACIÓN ACCIÓN SOCIAL PARA LA EDUCACIÓN DE LA PAZ Y LOS DERECHOS HUMANOS,FUNDACION ACCION SOCIAL PARA LA EDUCACION DE LA PAZ Y LOS DERECHOS HUMANOS,Inscrita,https://donacionesley21440.gob.cl/registro-publico?n=1305,RUT_DIRECT,STRONG_LEGAL_REGISTRY,65215761-0,ENT-RUT-65215761-0,
donatarias_21440,1302,FUND CIENCIA PARA LA VIDA,FUND CIENCIA PARA LA VIDA,Inscrita,https://donacionesley21440.gob.cl/registro-publico?n=1302,RUT_DIRECT,STRONG_LEGAL_REGISTRY,73124100-7,ENT-RUT-73124100-7,
donatarias_21440,1293,FUNDACIÓN PARA EL BIENESTAR ANIMAL EDUCACIÓN DE LA TENENCIA RESPONSABLE DE MASCOTAS Y ANIMALES DE CO,FUNDACION PARA EL BIENESTAR ANIMAL EDUCACION DE LA TENENCIA RESPONSABLE DE MASCOTAS Y ANIMALES DE CO,Inscrita,https://donacionesley21440.gob.cl/registro-publico?n=1293,RUT_DIRECT,STRONG_LEGAL_REGISTRY,65250424-8,ENT-RUT-65250424-8,
donatarias_21440,1289,"FUNDACION DE BENEFICENCIA PUBLICA CULTURAL, EDUCACIONAL Y CIENTIFICA ARTEMISA",FUNDACION DE BENEFICENCIA PUBLICA CULTURAL EDUCACIONAL Y CIENTIFICA ARTEMISA,Inscrita,https://donacionesley21440.gob.cl/registro-publico?n=1289,RUT_DIRECT,STRONG_LEGAL_REGISTRY,65217172-9,ENT-RUT-65217172-9,
donatarias_21440,1286,CORPORACION DE DEPORTES DE LA MUNICIPALIDAD DE CURICO,CORPORACION DE DEPORTES DE LA MUNICIPALIDAD DE CURICO,Inscrita,https://donacionesley21440.gob.cl/registro-publico?n=1286,RUT_DIRECT,STRONG_LEGAL_REGISTRY,65057429-K,ENT-RUT-65057429-K,
donatarias_21440,1283,MATER FILIUS PUERTO VARAS,MATER FILIUS PUERTO VARAS,Inscrita,https://donacionesley21440.gob.cl/registro-publico?n=1283,RUT_DIRECT,STRONG_LEGAL_REGISTRY,65261963-0,ENT-RUT-65261963-0,
donatarias_21440,1281,FUNDACION PASITOS BRILLANTES,FUNDACION PASITOS BRILLANTES,Inscrita,https://donacionesley21440.gob.cl/registro-publico?n=1281,RUT_DIRECT,STRONG_LEGAL_REGISTRY,65273462-6,ENT-RUT-65273462-6,
donatarias_21440,1279,FUNDACIÓN MUJERES EN REHABILITACIÓN DE CÁNCER CORREDORA POR LA VIDA,FUNDACION MUJERES EN REHABILITACION DE CANCER CORREDORA POR LA VIDA,Inscrita,https://donacionesley21440.gob.cl/registro-publico?n=1279,RUT_DIRECT,STRONG_LEGAL_REGISTRY,65242805-3,ENT-RUT-65242805-3,
donatarias_21440,1275,FUNDACIÓN CENTRO CULTURAL Y ARTÍSTICO DE LA VERACRUZ,FUNDACION CENTRO CULTURAL Y ARTISTICO DE LA VERACRUZ,Inscrita,https://donacionesley21440.gob.cl/registro-publico?n=1275,RUT_DIRECT,STRONG_LEGAL_REGISTRY,65261799-9,ENT-RUT-65261799-9,
donatarias_21440,1270,INSTITUTO NACIONAL DE LITIO Y SALARES,INSTITUTO NACIONAL DE LITIO Y SALARES,Inscrita,https://donacionesley21440.gob.cl/registro-publico?n=1270,RUT_DIRECT,STRONG_LEGAL_REGISTRY,65246292-8,ENT-RUT-65246292-8,
donatarias_21440,1269,GOLDEN COMMUNITY FOUNDATION FUNDACION COMUNITARIA GOLDEN,GOLDEN COMMUNITY FOUNDATION FUNDACION COMUNITARIA GOLDEN,Inscrita,https://donacionesley21440.gob.cl/registro-publico?n=1269,RUT_DIRECT,STRONG_LEGAL_REGISTRY,65263054-5,ENT-RUT-65263054-5,
donatarias_21440,1268,"FUNDACIÓN WELFTUN, APRENDIZAJE SIN FRONTERAS",FUNDACION WELFTUN APRENDIZAJE SIN FRONTERAS,Inscrita,https://donacionesley21440.gob.cl/registro-publico?n=1268,RUT_DIRECT,STRONG_LEGAL_REGISTRY,65271305-K,ENT-RUT-65271305-K,
donatarias_21440,1267,FUNDACION RE-CREA SONRISAS,FUNDACION RE CREA SONRISAS,Inscrita,https://donacionesley21440.gob.cl/registro-publico?n=1267,RUT_DIRECT,STRONG_LEGAL_REGISTRY,65259345-3,ENT-RUT-65259345-3,
donatarias_21440,1264,FUNDACION ESPECTRAL,FUNDACION ESPECTRAL,Inscrita,https://donacionesley21440.gob.cl/registro-publico?n=1264,RUT_DIRECT,STRONG_LEGAL_REGISTRY,65154706-7,ENT-RUT-65154706-7,
donatarias_21440,1263,FUNDACIÓN EDUCACIONAL SAN JUAN DEL CASTILLO,FUNDACION EDUCACIONAL SAN JUAN DEL CASTILLO,Inscrita,https://donacionesley21440.gob.cl/registro-publico?n=1263,RUT_DIRECT,STRONG_LEGAL_REGISTRY,74557000-3,ENT-RUT-74557000-3,
donatarias_21440,1262,FUNDACIÓN DESDE EL BARRIO AL ESTADIO,FUNDACION DESDE EL BARRIO AL ESTADIO,Inscrita,https://donacionesley21440.gob.cl/registro-publico?n=1262,RUT_DIRECT,STRONG_LEGAL_REGISTRY,65257832-2,ENT-RUT-65257832-2,
donatarias_21440,1261,FUNDACION DE BUCEO ADAPTADO RESPIRA VIDA Y MAS,FUNDACION DE BUCEO ADAPTADO RESPIRA VIDA Y MAS,Inscrita,https://donacionesley21440.gob.cl/registro-publico?n=1261,RUT_DIRECT,STRONG_LEGAL_REGISTRY,65271937-6,ENT-RUT-65271937-6,
donatarias_21440,1260,FUNDACIÓN COLITAS FELICES,FUNDACION COLITAS FELICES,Inscrita,https://donacionesley21440.gob.cl/registro-publico?n=1260,RUT_DIRECT,STRONG_LEGAL_REGISTRY,65201288-4,ENT-RUT-65201288-4,
donatarias_21440,1249,FUNDACIÓN RECORRIDO SOLIDARIO,FUNDACION RECORRIDO SOLIDARIO,Inscrita,https://donacionesley21440.gob.cl/registro-publico?n=1249,RUT_DIRECT,STRONG_LEGAL_REGISTRY,65249736-5,ENT-RUT-65249736-5,
donatarias_21440,1243,FUNDACION GRAN ARBOL,FUNDACION GRAN ARBOL,Inscrita,https://donacionesley21440.gob.cl/registro-publico?n=1243,RUT_DIRECT,STRONG_LEGAL_REGISTRY,65258232-K,ENT-RUT-65258232-K,
donatarias_21440,1242,FUNDACION ENKI ANU,FUNDACION ENKI ANU,Inscrita,https://donacionesley21440.gob.cl/registro-publico?n=1242,RUT_DIRECT,STRONG_LEGAL_REGISTRY,65262694-7,ENT-RUT-65262694-7,
donatarias_21440,1234,CORPORACION PARA LA CONSERVACION Y USO SUSTENTABLE DE LOS BOSQUES DE ALERCE O CORPORACION ALERCE,CORPORACION PARA LA CONSERVACION Y USO SUSTENTABLE DE LOS BOSQUES DE ALERCE O CORPORACION ALERCE,Inscrita,https://donacionesley21440.gob.cl/registro-publico?n=1234,RUT_DIRECT,STRONG_LEGAL_REGISTRY,65072809-2,ENT-RUT-65072809-2,
donatarias_21440,1232,CORPORACION FAMILIA MIASTENIA GRAVIS CHILE,CORPORACION FAMILIA MIASTENIA GRAVIS CHILE,Inscrita,https://donacionesley21440.gob.cl/registro-publico?n=1232,RUT_DIRECT,STRONG_LEGAL_REGISTRY,65219471-0,ENT-RUT-65219471-0,
donatarias_21440,1231,CORPORACIÓN DE ASISTENCIA ACADÉMICA Y LABORAL AUTISTA,CORPORACION DE ASISTENCIA ACADEMICA Y LABORAL AUTISTA,Inscrita,https://donacionesley21440.gob.cl/registro-publico?n=1231,RUT_DIRECT,STRONG_LEGAL_REGISTRY,65261042-0,ENT-RUT-65261042-0,
donatarias_21440,1226,ASOCIACION DE MEDICOS SOLIDARIOS DE SANTO DOMINGO,ASOCIACION DE MEDICOS SOLIDARIOS DE SANTO DOMINGO,Inscrita,https://donacionesley21440.gob.cl/registro-publico?n=1226,RUT_DIRECT,STRONG_LEGAL_REGISTRY,65249065-4,ENT-RUT-65249065-4,
donatarias_21440,1224,FUNDACIÓN TAPSIN,FUNDACION TAPSIN,Inscrita,https://donacionesley21440.gob.cl/registro-publico?n=1224,RUT_DIRECT,STRONG_LEGAL_REGISTRY,65096690-2,ENT-RUT-65096690-2,
donatarias_21440,1221,FUNDACION MANO FIRME DE ARQUERO,FUNDACION MANO FIRME DE ARQUERO,Inscrita,https://donacionesley21440.gob.cl/registro-publico?n=1221,RUT_DIRECT,STRONG_LEGAL_REGISTRY,65263035-9,ENT-RUT-65263035-9,
donatarias_21440,1220,FUNDACIÓN HOCKEY INCLUSIVO,FUNDACION HOCKEY INCLUSIVO,Inscrita,https://donacionesley21440.gob.cl/registro-publico?n=1220,RUT_DIRECT,STRONG_LEGAL_REGISTRY,65129659-5,ENT-RUT-65129659-5,
donatarias_21440,1213,ASOCIACION TECNICA DE INTERVENCION EN EMERGENCIAS CHILE,ASOCIACION TECNICA DE INTERVENCION EN EMERGENCIAS CHILE,Inscrita,https://donacionesley21440.gob.cl/registro-publico?n=1213,RUT_DIRECT,STRONG_LEGAL_REGISTRY,65211988-3,ENT-RUT-65211988-3,
donatarias_21440,1204,FUNDACION INSPIRA SONRISAS CHILE,FUNDACION INSPIRA SONRISAS CHILE,Inscrita,https://donacionesley21440.gob.cl/registro-publico?n=1204,RUT_DIRECT,STRONG_LEGAL_REGISTRY,65257294-4,ENT-RUT-65257294-4,
donatarias_21440,1203,FUNDACIÓN ENTRE PARES,FUNDACION ENTRE PARES,Inscrita,https://donacionesley21440.gob.cl/registro-publico?n=1203,RUT_DIRECT,STRONG_LEGAL_REGISTRY,65098248-7,ENT-RUT-65098248-7,
donatarias_21440,1194,CORPORACION CIUDADANA SAR ARAUCANIA BUSQUEDA Y RESCATE SAR ARAUCANIA U O.N.G. SAR ARAUCANIA,CORPORACION CIUDADANA SAR ARAUCANIA BUSQUEDA Y RESCATE SAR ARAUCANIA U O N G SAR ARAUCANIA,Inscrita,https://donacionesley21440.gob.cl/registro-publico?n=1194,RUT_DIRECT,STRONG_LEGAL_REGISTRY,65141944-1,ENT-RUT-65141944-1,
donatarias_21440,1193,CORPORACION CENTRO SOFIA,CORPORACION CENTRO SOFIA,Inscrita,https://donacionesley21440.gob.cl/registro-publico?n=1193,RUT_DIRECT,STRONG_LEGAL_REGISTRY,65253392-2,ENT-RUT-65253392-2,
donatarias_21440,1187,FUNDACIÓN PARA LA EDUCACIÓN Y LA DIVULGACIÓN DE LAS CIENCIAS FENIKA,FUNDACION PARA LA EDUCACION Y LA DIVULGACION DE LAS CIENCIAS FENIKA,Inscrita,https://donacionesley21440.gob.cl/registro-publico?n=1187,RUT_DIRECT,STRONG_LEGAL_REGISTRY,65258777-1,ENT-RUT-65258777-1,
donatarias_21440,1186,FUNDACION OBSERVA CIUDADANIA,FUNDACION OBSERVA CIUDADANIA,Inscrita,https://donacionesley21440.gob.cl/registro-publico?n=1186,RUT_DIRECT,STRONG_LEGAL_REGISTRY,65184345-6,ENT-RUT-65184345-6,
donatarias_21440,1185,FUNDACIÓN MUSEO DEL TELAR,FUNDACION MUSEO DEL TELAR,Inscrita,https://donacionesley21440.gob.cl/registro-publico?n=1185,RUT_DIRECT,STRONG_LEGAL_REGISTRY,65225504-3,ENT-RUT-65225504-3,
donatarias_21440,1182,FUNDACIÓN INCLUIRTE,FUNDACION INCLUIRTE,Inscrita,https://donacionesley21440.gob.cl/registro-publico?n=1182,RUT_DIRECT,STRONG_LEGAL_REGISTRY,65215101-9,ENT-RUT-65215101-9,
donatarias_21440,1175,ASOCIACION DE MEMORIA Y DERECHOS HUMANOS VENDA SEXY,ASOCIACION DE MEMORIA Y DERECHOS HUMANOS VENDA SEXY,Inscrita,https://donacionesley21440.gob.cl/registro-publico?n=1175,RUT_DIRECT,STRONG_LEGAL_REGISTRY,65085716-K,ENT-RUT-65085716-K,
donatarias_21440,1174,INSTITUTO CHILENO ALEMAN DE CULTURA DE CONCEPCION GOETHE ZENTRUM,INSTITUTO CHILENO ALEMAN DE CULTURA DE CONCEPCION GOETHE ZENTRUM,Inscrita,https://donacionesley21440.gob.cl/registro-publico?n=1174,RUT_DIRECT,STRONG_LEGAL_REGISTRY,71435000-5,ENT-RUT-71435000-5,
donatarias_21440,1170,FUNDACIÓN EDUCASWITCH,FUNDACION EDUCASWITCH,Inscrita,https://donacionesley21440.gob.cl/registro-publico?n=1170,RUT_DIRECT,STRONG_LEGAL_REGISTRY,65257953-1,ENT-RUT-65257953-1,
donatarias_21440,1159,ORGANIZACIÓN NO GUBERNAMENTAL DE DESARROLLO KALFUTRAY.,ORGANIZACION NO GUBERNAMENTAL DE DESARROLLO KALFUTRAY,Inscrita,https://donacionesley21440.gob.cl/registro-publico?n=1159,RUT_DIRECT,STRONG_LEGAL_REGISTRY,65737690-6,ENT-RUT-65737690-6,
donatarias_21440,1153,FUNDACIÓN SANTUARIO ESPERANZA DE VIDA,FUNDACION SANTUARIO ESPERANZA DE VIDA,Inscrita,https://donacionesley21440.gob.cl/registro-publico?n=1153,RUT_DIRECT,STRONG_LEGAL_REGISTRY,65213147-6,ENT-RUT-65213147-6,
donatarias_21440,1139,FUNDACIÓN APA O F. APA,FUNDACION APA O F APA,Inscrita,https://donacionesley21440.gob.cl/registro-publico?n=1139,RUT_DIRECT,STRONG_LEGAL_REGISTRY,65242013-3,ENT-RUT-65242013-3,
donatarias_21440,1138,FUNDACION AMOR DE MARIA,FUNDACION AMOR DE MARIA,Inscrita,https://donacionesley21440.gob.cl/registro-publico?n=1138,RUT_DIRECT,STRONG_LEGAL_REGISTRY,65255803-8,ENT-RUT-65255803-8,
donatarias_21440,1137,CUERPO DE BOMBERO METROPOLITANO SUR,CUERPO DE BOMBERO METROPOLITANO SUR,Inscrita,https://donacionesley21440.gob.cl/registro-publico?n=1137,RUT_DIRECT,STRONG_LEGAL_REGISTRY,65600110-0,ENT-RUT-65600110-0,
donatarias_21440,1123,"FUNDACIÓN PARA LA INCLUSION LABORAL, SOCIAL Y CULTURAL DE PERSONAS CON DISPACIDAD TU ESPACIO",FUNDACION PARA LA INCLUSION LABORAL SOCIAL Y CULTURAL DE PERSONAS CON DISPACIDAD TU ESPACIO,Inscrita,https://donacionesley21440.gob.cl/registro-publico?n=1123,RUT_DIRECT,STRONG_LEGAL_REGISTRY,65236288-5,ENT-RUT-65236288-5,
donatarias_21440,1119,FUNDACIÓN LEGACY: APOYANDO A LAS ÁREAS PROTEGIDAS DE CHILE,FUNDACION LEGACY APOYANDO A LAS AREAS PROTEGIDAS DE CHILE,Inscrita,https://donacionesley21440.gob.cl/registro-publico?n=1119,RUT_DIRECT,STRONG_LEGAL_REGISTRY,65253623-9,ENT-RUT-65253623-9,
donatarias_21440,1114,FUNDACION CULTURA ESTACION FOTOGRAFO DE CERROS,FUNDACION CULTURA ESTACION FOTOGRAFO DE CERROS,Inscrita,https://donacionesley21440.gob.cl/registro-publico?n=1114,RUT_DIRECT,STRONG_LEGAL_REGISTRY,65213391-6,ENT-RUT-65213391-6,
donatarias_21440,1110,ORGANIZACION NO GUBERNAMENTAL DE DESARROLLO SOCIAL PROYECTO SIMBIOSIS U ONG PROYECTO SIMBIOSIS,ORGANIZACION NO GUBERNAMENTAL DE DESARROLLO SOCIAL PROYECTO SIMBIOSIS U ONG PROYECTO SIMBIOSIS,Inscrita,https://donacionesley21440.gob.cl/registro-publico?n=1110,RUT_DIRECT,STRONG_LEGAL_REGISTRY,65160259-9,ENT-RUT-65160259-9,
donatarias_21440,1107,FUNDACION PAIS DIGITAL,FUNDACION PAIS DIGITAL,Inscrita,https://donacionesley21440.gob.cl/registro-publico?n=1107,RUT_DIRECT,STRONG_LEGAL_REGISTRY,65146760-8,ENT-RUT-65146760-8,
donatarias_21440,1106,FUNDACIÓN LUAN,FUNDACION LUAN,Inscrita,https://donacionesley21440.gob.cl/registro-publico?n=1106,RUT_DIRECT,STRONG_LEGAL_REGISTRY,65240154-6,ENT-RUT-65240154-6,
donatarias_21440,1105,FUNDACIÓN IDEAH INNOVACIÓN Y DESARROLLO EN EDUCACIÓN HOSPITALARIA,FUNDACION IDEAH INNOVACION Y DESARROLLO EN EDUCACION HOSPITALARIA,Inscrita,https://donacionesley21440.gob.cl/registro-publico?n=1105,RUT_DIRECT,STRONG_LEGAL_REGISTRY,65244264-1,ENT-RUT-65244264-1,
donatarias_21440,1104,FUNDACION HABLEMOS DE TOC,FUNDACION HABLEMOS DE TOC,Inscrita,https://donacionesley21440.gob.cl/registro-publico?n=1104,RUT_DIRECT,STRONG_LEGAL_REGISTRY,65249056-5,ENT-RUT-65249056-5,
donatarias_21440,1069,FUNDACION SOMOS MAS LOS ANGELES,FUNDACION SOMOS MAS LOS ANGELES,Inscrita,https://donacionesley21440.gob.cl/registro-publico?n=1069,RUT_DIRECT,STRONG_LEGAL_REGISTRY,65133189-7,ENT-RUT-65133189-7,
donatarias_21440,1067,FUNDACIÓN REIMAGINAR JUNTOS,FUNDACION REIMAGINAR JUNTOS,Inscrita,https://donacionesley21440.gob.cl/registro-publico?n=1067,RUT_DIRECT,STRONG_LEGAL_REGISTRY,65219105-3,ENT-RUT-65219105-3,
donatarias_21440,1052,ORGANIZACION NO GUBERNAMENTAL DE DESARROLLO ELISEOS,ORGANIZACION NO GUBERNAMENTAL DE DESARROLLO ELISEOS,Inscrita,https://donacionesley21440.gob.cl/registro-publico?n=1052,RUT_DIRECT,STRONG_LEGAL_REGISTRY,65169773-5,ENT-RUT-65169773-5,
donatarias_21440,1047,FUNDACIÓN TELETÓN,FUNDACION TELETON,Inscrita,https://donacionesley21440.gob.cl/registro-publico?n=1047,RUT_DIRECT,STRONG_LEGAL_REGISTRY,71238300-3,ENT-RUT-71238300-3,
donatarias_21440,1035,SPORT SEED ONG,SPORT SEED ONG,Inscrita,https://donacionesley21440.gob.cl/registro-publico?n=1035,RUT_DIRECT,STRONG_LEGAL_REGISTRY,65232673-0,ENT-RUT-65232673-0,
donatarias_21440,1009,FUNDACIÓN ENTIDAD PEDAGÓGICA Y TÉCNICA DE APOYO ZIG ZAG CAPACITACIÓN,FUNDACION ENTIDAD PEDAGOGICA Y TECNICA DE APOYO ZIG ZAG CAPACITACION,Inscrita,https://donacionesley21440.gob.cl/registro-publico?n=1009,RUT_DIRECT,STRONG_LEGAL_REGISTRY,76624670-2,ENT-RUT-76624670-2,
donatarias_21440,1008,FUNDACIÓN DE LA INDIA EN CHILE,FUNDACION DE LA INDIA EN CHILE,Inscrita,https://donacionesley21440.gob.cl/registro-publico?n=1008,RUT_DIRECT,STRONG_LEGAL_REGISTRY,65140668-4,ENT-RUT-65140668-4,
donatarias_21440,990,FUNDACIÓN GLOBAL CARE LATINOAMÉRICA,FUNDACION GLOBAL CARE LATINOAMERICA,Inscrita,https://donacionesley21440.gob.cl/registro-publico?n=990,RUT_DIRECT,STRONG_LEGAL_REGISTRY,65214907-3,ENT-RUT-65214907-3,
donatarias_21440,945,IGLESIA EVANGELICA INTER SOLDADOS DE LA CRUZ DE CRISTO,IGLESIA EVANGELICA INTER SOLDADOS DE LA CRUZ DE CRISTO,Inscrita,https://donacionesley21440.gob.cl/registro-publico?n=945,RUT_DIRECT,STRONG_LEGAL_REGISTRY,70510900-1,ENT-RUT-70510900-1,
donatarias_21440,448,CORPORACIÓN PLAZA DE LA EDUCACIÓN Y CULTURA,CORPORACION PLAZA DE LA EDUCACION Y CULTURA,Inscrita,https://donacionesley21440.gob.cl/registro-publico?n=448,RUT_DIRECT,STRONG_LEGAL_REGISTRY,65205634-2,ENT-RUT-65205634-2,
donatarias_21440,373,FUNDACION DEPORTIVA SOCIAL CULTURAL Y EDUCACIONAL CASAKANO,FUNDACION DEPORTIVA SOCIAL CULTURAL Y EDUCACIONAL CASAKANO,Inscrita,https://donacionesley21440.gob.cl/registro-publico?n=373,RUT_DIRECT,STRONG_LEGAL_REGISTRY,65187611-7,ENT-RUT-65187611-7,
donatarias_21440,367,FUNDACION COLITAS CHUECAS,FUNDACION COLITAS CHUECAS,Inscrita,https://donacionesley21440.gob.cl/registro-publico?n=367,RUT_DIRECT,STRONG_LEGAL_REGISTRY,65214097-1,ENT-RUT-65214097-1,
donatarias_21440,341,FUNDACION LA MUSICA Y YO,FUNDACION LA MUSICA Y YO,Inscrita,https://donacionesley21440.gob.cl/registro-publico?n=341,RUT_DIRECT,STRONG_LEGAL_REGISTRY,65209542-9,ENT-RUT-65209542-9,
donatarias_21440,340,FUNDACIÓN EDUCACIONAL ATRÉVETE,FUNDACION EDUCACIONAL ATREVETE,Inscrita,https://donacionesley21440.gob.cl/registro-publico?n=340,RUT_DIRECT,STRONG_LEGAL_REGISTRY,65198847-0,ENT-RUT-65198847-0,
donatarias_21440,324,FUNDACIÓN ESPERANZA PREVIENE,FUNDACION ESPERANZA PREVIENE,Inscrita,https://donacionesley21440.gob.cl/registro-publico?n=324,RUT_DIRECT,STRONG_LEGAL_REGISTRY,65172121-0,ENT-RUT-65172121-0,
donatarias_21440,299,FUNDACIÓN AVANZAR,FUNDACION AVANZAR,Inscrita,https://donacionesley21440.gob.cl/registro-publico?n=299,RUT_DIRECT,STRONG_LEGAL_REGISTRY,65088534-1,ENT-RUT-65088534-1,
donatarias_21440,67,FUNDACION EDUCACIONAL ALMALUZ,FUNDACION EDUCACIONAL ALMALUZ,Inscrita,https://donacionesley21440.gob.cl/registro-publico?n=67,RUT_DIRECT,STRONG_LEGAL_REGISTRY,65049195-5,ENT-RUT-65049195-5,
